<Ui xmlns="http://www.blizzard.com/wow/ui/">
	<Script file="WOTLK_BC_Blades_Edge.lua"/>
	<Script file="WOTLK_BC_Hellfire_Peninsula.lua"/>
	<Script file="WOTLK_BC_Nagrand.lua"/>
	<Script file="WOTLK_BC_Shadowmoon.lua"/>
	<Script file="WOTLK_BC_Terokkar_Forest.lua"/>
	<Script file="WOTLK_BC_Zangarmarsh.lua"/>
	<Script file="WOTLK_INTRO_Blood_Elf.lua"/>
	<Script file="WOTLK_INTRO_Forsaken.lua"/>
	<Script file="WOTLK_INTRO_Orc_Troll.lua"/>
	<Script file="WOTLK_INTRO_Tauren.lua"/>
	<Script file="WOTLK_VAN_10_15_Silverpine_Forest.lua"/>
	<Script file="WOTLK_VAN_10_19_Ghostlands.lua"/>
	<Script file="WOTLK_VAN_14_22_The_Barrens.lua"/>
	<Script file="WOTLK_VAN_21_30_HordeChapter1.lua"/>
	<Script file="WOTLK_VAN_30_40_HordeChapter2.lua"/>
	<Script file="WOTLK_VAN_41_51_HordeChapter3.lua"/>
	<Script file="WOTLK_VAN_51_53_Azshara.lua"/>
	<Script file="WOTLK_VAN_51_53_UnGoro_Crater.lua"/>
	<Script file="WOTLK_VAN_53_54_Burning_Steppes.lua"/>
	<Script file="WOTLK_VAN_54_55_Felwood.lua"/>
	<Script file="WOTLK_VAN_54_55_Winterspring.lua"/>
	<Script file="WOTLK_Dragonblight.lua"/>
	<Script file="WOTLK_Borean_Tundra.lua"/>
	<Script file="WOTLK_Grizzly_Hills.lua"/>
	<Script file="WOTLK_Howling_Fjord.lua"/>
	<Script file="WOTLK_The_Storm_Peaks.lua"/>
	<Script file="WOTLK_Icecrown.lua"/>
	<Script file="WOTLK_VAN_Dungeon_9_19_Ragefire_Chasm.lua"/>
	<Script file="WOTLK_Dungeon_68_72_Utgarde_Keep.lua"/>
</Ui>
