<Ui xmlns="http://www.blizzard.com/wow/ui/">
	<Script file="BC_Blades_Edge.lua"/>
	<Script file="BC_Hellfire_Peninsula.lua"/>
	<Script file="BC_Nagrand.lua"/>
	<Script file="BC_Shadowmoon.lua"/>
	<Script file="BC_Terokkar_Forest.lua"/>
	<Script file="BC_Zangarmarsh.lua"/>
	<Script file="BFA_Endgame_Story.lua"/>
	<Script file="BFA_Guide_Hub.lua"/>
	<Script file="BFA_Intro.lua"/>
	<Script file="BFA_Nazjatar.lua"/>
	<Script file="BFA_Nazmir.lua"/>
	<Script file="BFA_Voldun.lua"/>
	<Script file="BFA_War_Campaign.lua"/>
	<Script file="BFA_Zuldazar.lua"/>
	<Script file="CATA_Arathi_Highlands.lua"/>
	<Script file="CATA_Ashenvale.lua"/>
	<Script file="CATA_Azshara.lua"/>
	<Script file="CATA_Badlands.lua"/>
	<Script file="CATA_Blasted_Lands.lua"/>
	<Script file="CATA_Burning_Steppes.lua"/>
	<Script file="CATA_Cape_of_Stranglethorn.lua"/>
	<Script file="CATA_Desolace.lua"/>
	<Script file="CATA_Dustwallow_Marsh.lua"/>
	<Script file="CATA_Felwood.lua"/>
	<Script file="CATA_Feralas.lua"/>
	<Script file="CATA_Ghostlands.lua"/>
	<Script file="CATA_Guide_Hub.lua"/>
	<Script file="CATA_Hillsbrad_Foothills.lua"/>
	<Script file="CATA_Hinterlands.lua"/>
	<Script file="CATA_Northern_Barrens.lua"/>
	<Script file="CATA_Northern_Stranglethorn.lua"/>
	<Script file="CATA_Silverpine.lua"/>
	<Script file="CATA_Southern_Barrens.lua"/>
	<Script file="CATA_Stonetalon_Mountains.lua"/>
	<Script file="CATA_Swamp_of_Sorrows.lua"/>
	<Script file="CATA_Tanaris.lua"/>
	<Script file="CATA_Thousand_Needles.lua"/>
	<Script file="CATA_Twilight_Highlands.lua"/>
	<Script file="CATA_Vashjir.lua"/>
	<Script file="CATA_Western_Plaguelands.lua"/>
	<Script file="INTRO_Blood_Elf.lua"/>
	<Script file="INTRO_Chromie_Time.lua"/>
	<Script file="INTRO_Exiles_Reach.lua"/>
	<Script file="INTRO_Forsaken.lua"/>
	<Script file="INTRO_Goblin.lua"/>
	<Script file="INTRO_Highmountain_Tauren.lua"/>
	<Script file="INTRO_Nightborne.lua"/>
	<Script file="INTRO_Maghar_Orc.lua"/>
	<Script file="INTRO_Orc_Troll_Part2.lua"/>
	<Script file="INTRO_Orc.lua"/>
	<Script file="INTRO_Tauren.lua"/>
	<Script file="INTRO_Troll.lua"/>
	<Script file="INTRO_Vulpera.lua"/>
	<Script file="INTRO_Zandalari_Troll.lua"/>
	<Script file="LEGION_Legion_Intro.lua"/>
	<Script file="LEGION_Stormheim.lua"/>
	<Script file="MOP_JadeForest.lua"/>
	<Script file="MOP_Krasarang_Wilds.lua"/>
	<Script file="WOD_FrostFire.lua"/>
	<Script file="WOD_Gorgrond.lua"/>
	<Script file="WOD_Nagrand.lua"/>
	<Script file="WOD_Talador.lua"/>
	<Script file="WOTLK_Borean_Tundra.lua"/>
	<Script file="WOTLK_Dragonblight.lua"/>
	<Script file="WOTLK_Grizzly_Hills.lua"/>
	<Script file="WOTLK_Howling_Fjord.lua"/>
	<Script file="WOTLK_Icecrown.lua"/>
	<Script file="WOTLK_Intro.lua"/>
	<Script file="WOTLK_The_Storm_Peaks.lua"/>
</Ui>

