<Ui xmlns="http://www.blizzard.com/wow/ui/">
	<Script file="BCC_Blades_Edge.lua"/>
	<Script file="BCC_Hellfire_Peninsula.lua"/>
	<Script file="BCC_Nagrand.lua"/>
	<Script file="BCC_Shadowmoon.lua"/>
	<Script file="BCC_Terokkar_Forest.lua"/>
	<Script file="BCC_Zangarmarsh.lua"/>
	<Script file="INTRO_BCC_Blood_Elf.lua"/>
	<Script file="INTRO_BCC_Forsaken.lua"/>
	<Script file="INTRO_BCC_Orc_Troll.lua"/>
	<Script file="INTRO_BCC_Tauren.lua"/>
	<Script file="VAN_BCC_10_15_Silverpine_Forest.lua"/>
	<Script file="VAN_BCC_10_19_Ghostlands.lua"/>
	<Script file="VAN_BCC_14_22_The_Barrens.lua"/>
	<Script file="VAN_BCC_21_30_HordeChapter1.lua"/>
	<Script file="VAN_BCC_30_40_HordeChapter2.lua"/>
	<Script file="VAN_BCC_41_51_HordeChapter3.lua"/>
	<Script file="VAN_BCC_51_53_Azshara.lua"/>
	<Script file="VAN_BCC_51_53_UnGoro_Crater.lua"/>
	<Script file="VAN_BCC_53_54_Burning_Steppes.lua"/>
	<Script file="VAN_BCC_54_55_Felwood.lua"/>
	<Script file="VAN_BCC_54_55_Winterspring.lua"/>
	<Script file="VAN_BCC_55_56_Western_Plaguelands.lua"/>
	<Script file="VAN_BCC_56_57_Eastern_Plaguelands.lua"/>
	<Script file="VAN_BCC_Dungeon_Blackfathom.lua"/>
	<Script file="VAN_BCC_Dungeon_Shadowfang_Keep.lua"/>
	<Script file="VAN_BCC_Dungeon_Wailing_Caverns.lua"/>
	<Script file="9_19_Dungeon_Ragefire_Chasm.lua"/>
</Ui>
