<Ui xmlns="http://www.blizzard.com/wow/ui/">
  <Script file="WOTLK_BC_Blades_Edge_Mountains.lua"/>
  <Script file="WOTLK_BC_Hellfire.lua"/>
  <Script file="WOTLK_BC_Nagrand.lua"/>
  <Script file="WOTLK_BC_Shadowmoon.lua"/>
  <Script file="WOTLK_BC_Terokkar.lua"/>
  <Script file="WOTLK_BC_Zangarmarsh.lua"/>
  <Script file="WOTLK_INTRO_Draenai.lua"/>
  <Script file="WOTLK_INTRO_DwarfGnome.lua"/>
  <Script file="WOTLK_INTRO_Human.lua"/>
  <Script file="WOTLK_INTRO_Night_Elf.lua"/>
  <Script file="WOTLK_VAN_10_19_Bloodmyst.lua"/>
  <Script file="WOTLK_VAN_10_19_Darkshore.lua"/>
  <Script file="WOTLK_VAN_10_19_Eastern_Kingdom.lua"/>
  <Script file="WOTLK_VAN_19_25_Alliance.lua"/>
  <Script file="WOTLK_VAN_25_30_Alliance.lua"/>
  <Script file="WOTLK_VAN_30_41_Alliance.lua"/>
  <Script file="WOTLK_VAN_42_50_Alliance.lua"/>
  <Script file="WOTLK_VAN_50_55_Alliance.lua"/>
  <Script file="WOTLK_VAN_55_60_Alliance.lua"/>
  <Script file="WOTLK_Intro.lua"/>
  <Script file="WOTLK_Borean_Tundra.lua"/>
  <Script file="WOTLK_Dragonblight.lua"/>
  <Script file="WOTLK_Grizzly_Hills.lua"/>
  <Script file="WOTLK_Howling_Fjord.lua"/>
  <Script file="WOTLK_Icecrown.lua"/>
  <Script file="WOTLK_Storm_Peaks.lua"/>
  <Script file="WOTLK_VAN_Dungeon_14_24_Deadmines.lua"/>
  <Script file="WOTLK_VAN_Dungeon_21_30_Blackfathom.lua"/>
  <Script file="WOTLK_VAN_Dungeon_41_42_Uldaman.lua"/>
  <Script file="WOTLK_VAN_Dungeon_49_50_Zul_Farrak.lua"/>
  <Script file="WOTLK_VAN_Dungeon_50_51_Maraudon.lua"/>
  <Script file="WOTLK_VAN_Dungeon_53_60_Blackrock_Depths.lua"/>
  <Script file="WOTLK_BC_Dungeon_59_62_Hellfire_Ramparts.lua"/>
  <Script file="WOTLK_Dungeon_68_72_Utgarde_Keep.lua"/>
 </Ui>