<Ui xmlns="http://www.blizzard.com/wow/ui/">
  <Script file="01_12_Elidion_Durotar.lua"/>
  <Script file="01_12_Hendo_Durotar.lua"/>
  <Script file="01_12_Hendo_Mulgore.lua"/>
  <Script file="01_12_Hendo_Tirisfal_Glades.lua"/>
  <Script file="12_14_SilverKnight_Silverpine_Forest.lua"/>
  <Script file="12_15_Hendo_Silverpine_Forest.lua"/>
  <Script file="12_21_Hosho_The_Barrens.lua"/>
  <Script file="15_21_Hendo_The_Barrens.lua"/>
  <Script file="21_30_Hendo_HordeChapter1.lua"/>
  <Script file="21_30_Jame_Horde.lua"/>
  <Script file="31_40_Jame_Horde.lua"/>
  <Script file="31_40_Hendo_HordeChapter2.lua"/>
  <Script file="40_51_Jame_Horde.lua"/>
  <Script file="51_53_UnGoro_Crater.lua"/>
  <Script file="53_54_Burning_Steppes.lua"/>
  <Script file="54_55_Winterspring.lua"/>
  <Script file="54_Felwood.lua"/>
  <Script file="56_57_Eastern_Plaguelands.lua"/>
  <Script file="56_Western_Plaguelands.lua"/>
  <Script file="57_59_Western_Plaguelands.lua"/>
  <Script file="9_19_Dungeon_Ragefire_Chasm.lua"/>
  <Script file="15_24_Dungeon_Wailing_Caverns.lua"/>
  <Script file="18_28_Dungeon_Shadowfang_Keep.lua"/>
  <Script file="21_30_Dungeon_Blackfathom.lua"/>
  <!--<Script file="25_34_Dungeon_Razorfen_Kraul.lua"/>-->
  <!--<Script file="25_38_Dungeon_Gnomeregan.lua"/>-->
  <!--<Script file="26_45_Dungeon_Scarlet_Monastery.lua"/>-->
  <!--<Script file="35_44_Dungeon_Razorfen Downs.lua"/>-->
  <!--<Script file="37_47_Dungeon_Uldaman.lua"/>-->
  <!--<Script file="40_50_Dungeon_Zul'Farrak.lua"/>-->
  <!--<Script file="41_54_Dungeon_Maraudon.lua"/>-->
  <!--<Script file="46_54_Dungeon_Sunken Temple.lua"/>-->
  <!--<Script file="50_60_Dungeon_Blackrock Depths.lua"/>-->
  <!--<Script file="52_60_Dungeon_Dire_Maul_East.lua"/>-->
  <!--<Script file="54_60_Dungeon_Dire_Maul_North.lua"/>-->
  <!--<Script file="54_60_Dungeon_Dire_Maul_West.lua"/>-->
  <!--<Script file="54_60_Dungeon_Lower_Blackrock_Spire.lua"/>-->
  <!--<Script file="54_60_Dungeon_Scholomance.lua"/>-->
  <!--<Script file="56_60_Dungeon_Stratholme.lua"/>-->
  <!--<Script file="56_60_Dungeon_Upper_Blackrock_Spire.lua"/>-->
  <!--<Script file="01_12_Manovan_Tirisfal_Glades.lua"/>-->
  <!--<Script file="01_12_Shururu_Mulgore.lua"/>-->
  <!--<Script file="01_12_Zerinj_Durotar.lua"/>-->
  </Ui>
