<Ui xmlns="http://www.blizzard.com/wow/ui/">
	<Script file="01_12_Dun_Morogh.lua"/>
	<Script file="01_12_Elwynn.lua"/>
	<Script file="01_12_Teldrassil.lua"/>
	<Script file="12_20_Darkshore.lua"/>
	<Script file="12_20_Eastern_Kingdom.lua"/>
	<Script file="19_25_Alliance.lua"/>
	<Script file="25_30_Alliance.lua"/>
	<Script file="30_41_Alliance.lua"/>
	<Script file="42_50_Alliance.lua"/>
	<Script file="50_55_Alliance.lua"/>
	<Script file="55_60_Alliance.lua"/>
	<Script file="14_24_Dungeon_Deadmines.lua"/>
	<!--<Script file="15_24_Dungeon_Wailing_Caverns.lua"/>-->
	<Script file="21_30_Dungeon_Blackfathom.lua"/>
	<!--<Script file="22_30_Dungeon_The_Stockade.lua"/>-->
	<!--<Script file="25_34_Dungeon_Razorfen_Kraul.lua"/>-->
	<!--<Script file="25_38_Dungeon_Gnomeregan.lua"/>-->
	<!--<Script file="26_45_Dungeon_Scarlet_Monastery.lua"/>-->
	<!--<Script file="35_44_Dungeon_Razorfen Downs.lua"/>-->
	<Script file="41_42_Dungeon_Uldaman.lua"/>
	<!--<Script file="46_54_Dungeon_Sunken Temple.lua"/>-->
	<Script file="49_50_Dungeon_Zul_Farrak.lua"/>
	<Script file="50_51_Dungeon_Maraudon.lua"/>
	<Script file="53_60_Dungeon_Blackrock_Depths.lua"/>
	<!--<Script file="52_60_Dungeon_Dire_Maul_East.lua"/>-->
	<!--<Script file="54_60_Dungeon_Dire_Maul_North.lua"/>-->
	<!--<Script file="54_60_Dungeon_Dire_Maul_West.lua"/>-->
	<!--<Script file="54_60_Dungeon_Lower_Blackrock_Spire.lua"/>-->
	<!--<Script file="54_60_Dungeon_Scholomance.lua"/>-->
	<!--<Script file="56_60_Dungeon_Stratholme.lua"/>-->
	<!--<Script file="56_60_Dungeon_Upper_Blackrock_Spire.lua"/>-->
	
</Ui>
